fecha_publicacion,termino,vistas,url,titulo,hashtags,descargado,text,idioma,polaridad
2023-03-02,lo_malo_de_uam,1607,https://www.tiktok.com/@lanaquisimatrinidad/video/7205731598610877702,MUY MAL TEMACH,,True, modo guerra como el temach tu quÃ© opinas de eso que el temach le dijo eso al juan guarnizo que le dijo no no no se contexto que su vieja es una prosti muy mal muy mal fatal me parece una desgracia pero ya vieron el nuevo vÃ­deo de amaurÃ¡n de que estÃ¡ disfrazada de capitÃ¡n america,es,NEG
2024-11-07,lo_malo_de_uam,32900,https://www.tiktok.com/@bastiat.club/video/7434682248437435703,when te muerde un izquierdista â˜ ï¸,,True," Â¿QuÃ© te pasa? Â¿QuÃ© te pasa? Ah, me mordiÃ³ un socialista. Â¿Todo bien? Â¿Tuele algo? Si me duele que tengas tan poca empatea por los pobres. Eh, ok. No quiero decir a la poste de acÃ¡, parece grave. Es el problema. Hasta la salud se ha vuelto un negocio. Bueno, entonces Â¿QuÃ© otra opciÃ³n hay? Seguridad social para todos. Salud gratuitas, sin excepciÃ³n de personas. Pero no entenderÃ­as porque no tienes conciencia de clase. Dios, sÃ­ que le ha pegado fuerte, Â¿eh? Â¿AlÃ³? Â¿AlÃ³ camarada? Oye, Â¿de cuÃ¡ndo tiene iPhone? SÃ­, camarada. Tenemos que ver quÃ© negocios podemos expropiar.",es,NEG
2024-11-07,lo_malo_de_uam,454,https://www.tiktok.com/@l.rafa5/video/7434687175096110392,ğŸ™‚â€â†”ï¸,"#fyp,#paratii,#Uam,#universidad",True," Encarga los plebelas, caravanas, sembrando el terror Y voy fumando, un caio de mota en toda la troca",es,NEU
2025-01-15,lo_malo_de_uam,701000,https://www.tiktok.com/@brauliorodrg/video/7459591851264265477,Â¡Ayudaaaa! Â¿Que significa?ğŸ¤¡ ,"#comedia,#humor,#couple,#girlfriend",True,,en,
2024-02-26,lo_malo_de_uam,8062,https://www.tiktok.com/@ricardoelias196/video/7340079817498332421,Abro debateğŸ‘€ğŸ‘† Capitulo completo en Youtube (link en mi bio de Tiktok ) ğŸ‘€ . . . . ,"#gym,#gymmotivation,#gymrat,#bodybuilding,#mensphysique,#gymcouple,#npc,#ifbb,#bikinifitness",True," Lo que mÃ¡s me ha preguntado es si el sexo o la masturbaciÃ³n en los hombres afecta el crecimiento muscular y la respuesta es que realmente no. Cuando nosotros reciÃ©n empezamos en el culturismo, un preparador que nos dijo que no podÃ­as tener relaciones porque supuestamente el hombre no, perdÃ­a la testosterona y perdÃ­a la masa muscular, etc. y estuvimos como 3 meses sin tener relaciones. MÃ¡s, te desestresa, bro. Y esos 3 meses te llenas tanto de estrÃ©s que el estrÃ©s genera cortisol en el cortisol engorda y por eso de repente el preparador que nos dijo eso era gordo. Pues, son puros mitos chicos, dÃ©le con todo. Pues a veces un poco tranquiles.",es,NEG
2024-10-05,lo_malo_de_uam,26700,https://www.tiktok.com/@masalladelfierro/video/7422385321431813381,SÃ O NO? O NADA? ğŸ‘€ğŸ’©,,True," Pero una cosa se te voy a decir, como dicen el que busca encuentra. Si estÃ¡s buscando los mensajes de tu novia, Â¿quiera su no en algÃºn momento? Vas a encontrar que le mando a su amiga que este bato estÃ¡ bien guapo. Igualmente si las novias se meten a los mensajes de los batos. Al chat de WhatsApp de los amigos. Â¡Pura caga de perro! Â¡Pura ni... Â¡Pura! Â¡SÃ­ me la cojo! Pones palabras asÃ­, aunque tengan novia y no lo harÃ­an. O sÃ­.",es,NEG
2023-11-16,lo_malo_de_uam,86,https://www.tiktok.com/@elnolo7/video/7302257552375434501,ğŸ˜²â˜ ï¸Â¡Â¿Hace DAÃ‘O  MALPASARCE?!ğŸ˜± ,"#elnolo7,#nutrition,#alimenta,#alimentacion,#alimentacionsaludable,#alimentaionesana,#alimentacionconsciente,#alimentacionfit,#alimentacionfitness,#comidafit,#comidafitness,#comidafacil,#gymmotivation,#CapCut",True," tan cierto es que malpasarse en tus horas de comida hace daÃ±o. Contrario a lo que las abuelitas y madres nos dicen, no hace daÃ±o pasar hambre. Es algo parecido al ejercicio. Duele un poco, pero no hace daÃ±o precisamente. Igual con el hambre, el cuerpo estÃ¡ diseÃ±ado para tiempo de escasez y este sabe administrarse energÃ©ticamente para cuando entre en ese estado de escasez. De hecho, prÃ¡cticamente te puedes malpasar toda tu vida y no te va a pasar nada, siempre y cuando consumas todos tus macronutrientes, tu respectiva cantidad de fibra y micronutrientes. Desde su tiempo y forma el cuerpo sabrÃ¡ administrarlos a medida que los vayas ocupando. Esto no aplica si tienes alguna enfermedad que contraindica lo que acabo de hacer. AsÃ­ que ya sabes que no es una enfermedad que contraindica.",es,NEU
2024-10-15,lo_malo_de_uam,27,https://www.tiktok.com/@antoniovargas2012/video/7426189400041721118,,,True,,en,
2023-05-18,lo_malo_de_uam,10,https://www.tiktok.com/@feministasdelaunam/video/7234607090621304069,,,True,,,
2024-02-08,lo_malo_de_uam,430,https://www.tiktok.com/@giakush/video/7333463533574769926, ,"#uvi,#agroecologia,#universidadveracruzana,#unam,#noticias,#viral",True," La agroecologÃ­a es ahora parte de una agenda no solo nacional sino a nivel mundial. La agroecologÃ­a es necesaria porque es lo que nos alimenta. Nosotros estamos pidiendo dos cosas. La destituciÃ³n del ahora director de la Universidad Veracruzana Intercultural, el doctor Daniel Bello LÃ³pez. Y tambiÃ©n pedimos que la matrÃ­cula de esta licenciatura se siga promoviendo porque este aÃ±o nos acaban de informar que no va a haber mÃ¡s agroecologÃ­a en la Universidad Veracruzana porque no hay instalaciones y tampoco hay recursos econÃ³micos a lo que se nos hace una jalada. Entonces pedimos a las autoridades que por favor hagan presencia, que nos apoyen. El presidente tambiÃ©n, esto se sabe que en la agenda 2030 la agroecologÃ­a es parte. Ahora sÃ­ que es necesaria ya, se estÃ¡n viendo en Europa tambiÃ©n muchos problemas con los campesinos por estas cuestiones. Entonces pues obviamente es una licenciatura que es necesaria. Ahora sÃ­ que para nuestro paÃ­s y para el mundo de general. Y que pues se continÃºe con estos programas educativos que son para... QuÃ© fuerte que les haya invitado el programa y todos los recursos. SÃ­, todo. QuÃ© fuerte, pues claro que es sÃºper importante. Solo son tres generaciones, las que empezamos yo soy de la primera generaciÃ³n, estoy en sexto. Y pues bueno tenemos ahorita entrarnos de la segunda, segunda semestre y cuarto semestre. Entonces hasta ahÃ­ van a cortar la matrÃ­cula obviamente con estos procedimientos que hicieron a parte de una forma muy oculta nos estÃ¡n afectando porque no nos vulneran los derechos estudiantiles en todos los sentidos. Nosotros tenemos derecho a poder planear, hacer nuestro planea como nosotros podamos ir tomando las clases. Yo por ejemplo estudio y trabajo asÃ­ como muchas compaÃ±eras que son madres estudian y trabajan. Vamos acomodÃ¡ndonos asÃ­ y lo que estÃ¡ sucediendo es que al vulnerar nuestros derechos como estudiantes ya no vamos a poder tomar esas decisiones porque nos van a impactar muy caÃ±Ã³n en nuestra titulaciÃ³n. Ahora todos estamos en la incertidumbre de si vamos a poder titularnos y nuestra licenciatura va a tener este reconocimiento institucional y oficial. Entonces bueno todo lo que engloba este problema. Y invitamos a toda la comunidad agroecolÃ³gica a nivel nacional, internacional, de aquÃ­ regional pues que nos apoye tambiÃ©n a que esto siga continÃºe. Ok muchÃ­simas gracias. Â¿CuÃ¡l era tu nombre otra vez? Soy Brenda Cruz y estudiante del sexo semestre. El sexo semestre es la primera generaciÃ³n que se abriÃ³ de la licenciatura de agroecologÃ­a y soberanÃ­a alimentaria aquÃ­ en la universidad de Veracruz a la intercultural. Ok muchÃ­simas gracias. Sede Jalapa, sÃ­ somos Sede. Ok muchÃ­simas gracias.",es,NEG
2022-11-23,lo_malo_de_uam,22,https://www.tiktok.com/@miguel122312/video/7169264573810281733, ,"#UAM,#UAM",True," El dÃ­a de hoy, no se evacuaron porque se activÃ³ la alerta de incendio en la UAMC. Recuerden vÃ¡ndalo tomarlo a la ligera y hacer cuello de botella. SÃ³lo fue el susto y no pasÃ³ nada.",es,NEU
2024-02-14,lo_malo_de_uam,33,https://www.tiktok.com/@guido.zambrana0/video/7335475502758595846,Â¡La UMSA estÃ¡ en decadencia! ,"#umsa,#Drzambrana,#universidad,#UMSA",True," Soy Guido Sambrana Ãvila, docente de la Facultad de Medicina. Como muchos docentes, trabajadores administrativos y estudiantes, preocupado por el estado en que se encuentra nuestra universidad. EstÃ¡ en una verdadera crisis disimulada con espectÃ¡culos y con propaganda, cuando en el aspecto institucional tiene problemas, con una universidad dividida en dos partes, que maneja una de las autoridades y la otra parte maneja una otra autoridad. En el nivel estudiantil hay persecuciÃ³n, hay acoso y nada de eso se ha resolvido. Y a nivel administrativo, la gran mayorÃ­a de las designaciones estÃ¡n realizadas a dedo, no se cumplen con las normas y eso genera un estado de una universidad que va perdiendo prestigio. Estos elementos, junto a un sistema electoral, con muchas falencias, es lo que nos lleva a definir que ese sistema electoral debe ser corregido para generar unas elecciones universitarias, del vector y del sector, que tenga toda la transparencia, que ademÃ¡s significa en confiabilidad",es,NEG
2023-10-16,lo_malo_de_uam,12,https://www.tiktok.com/@pregoneromor/video/7290730105565957382,El retira de la Universidad AutÃ³noma de Estado de Morelos (UAEM) informÃ³ que analizan el caso de un estudiante por presuntos actos reprobables en la mÃ¡xima casa de estudios  ,"#uaem,#Morelos,#estudiantes",True," lo que estamos nosotros es atentos a cualquier anomalÃ­a, cualquier conducta reprobable dentro del campo sonoritario para tomar acciones desde la unidad de gÃ©nero que estÃ¡ atendiendo por todos los casos que estÃ¡ presentando, en el Ãºltimo caso el de nutriciÃ³n, ya se estÃ¡ atendiendo, este hoy se termina reuniÃ³n con los padres de familia, tambiÃ©n se tendrÃ¡ reuniÃ³n tambiÃ©n con el padre de chico que estÃ¡ mostrando con los propios de este reprobado. Y en el caso de esta caso el de nutriciÃ³n, que no estÃ¡ presentando. AhÃ­ nosotros hemos proporcionado toda la informaciÃ³n que nos han solicitado las autoridades para que pues se ajustecian este caso tambiÃ©n. Â¿Se dio de baja o el proceso para el trabajo? SÃ­, estÃ¡n en el reglamento universitario cuando le hagan conductas de este tipo, pues ya no pueden seguir siendo estudiantes. Â¿Es tambiÃ©n en el caso de nutriciÃ³n? El caso de nutriciÃ³n estÃ¡n por analizarse con especialistas de la unidad de gÃ©nero, psicÃ³logos, para que una vez que analicen el caso de este chico, se tomen una determinaciÃ³n. Â¿QuÃ© pasa ahÃ­? Porque se estÃ¡n causando alunos, se estÃ¡n causando a pacientes o acadÃ©micos de esta facultad, Â¿entudir a este caso? Las autoridades, pero no, de ninguna manera, creo que hay una mala interpretaciÃ³n, creo que la directora estÃ¡ a la mejor disposiciÃ³n de que no arriesguemos a ningÃºn joven universitario. Entonces ahorita se le estÃ¡ dando apoyo desde la administraciÃ³n central por la unidad de gÃ©nero, para que atendamos el caso de este chico, pero de ninguna manera nosotros vamos a incluir nada. Â¿De quÃ© es el resto de los que estÃ¡n en la SecretarÃ­a de Seguridad que estÃ¡n encontrando jÃ³venes universitarios optimistados, incluso drogados, afuera del cambio?",es,NEU
2023-06-02,lo_malo_de_uam,15,https://www.tiktok.com/@conocimientouam/video/7238647005931654406, ,"#UAM,#SoyUAM,#ConocimientoUAM,#Lenguaje",True," Mito contra realidad Mito, en la actualidad estamos empeorando el lenguaje. Ãšltimamente se habla mucho de la destrucciÃ³n de lenguaje debido a los cambios lingÃ¼Ã­sticos que han propuesto distintas organizaciones, o bien, por el descuido de los hablantes. Realidad, el lenguaje siempre estÃ¡ en constante cambio ya que algunas palabras dejan de utilizarse, nacen otras y tambiÃ©n se cambian los significados. El hecho de que las personas cambien el lenguaje es precisamente lo que hace que este mismo se enriquezca. Â¿ConocÃ­as este mito acerca del lenguaje? Â¿QuÃ© otro mito conoce sobre este tema? EscrÃ­belo en los comentarios.",es,NEG
2021-04-15,lo_malo_de_uam,109,https://www.tiktok.com/@elferruskog/video/6951494028923817222, ,"#ladrogaesmala,#lascriticasdestrullenvidas,#sobreavisonoayengaÃ±o,#pason,#esvenenotepuedesmorir,#foryourpage,#foryou,#jajajajaj,#viralvideo,#paratodoslos",True," y drogando. La droga es mala, te puedes morir. AhÃ­ puedes quedar de un paso, hijo de la verga. Ya no te drogas, tÃ­o de puta madre, porque la verga te va a llevar.",es,NEG
2023-03-30,lo_malo_de_uam,78,https://www.tiktok.com/@unastududentuam_x/video/7216526063592082694, ,"#feminismo,#fyp,#uamlerma,#uamiztapala,#uamcuajimalpa,#uamxochimilco,#uamazcapotzalco,#uam",True," Â¿QuÃ© estÃ¡ pasando en la WAM? El 8 de marzo, el Consejo Divisional de Ciencias Sociales y Humanidades de la Unidad Coagimalpa, notificÃ³ que se declaraba impedido para pronunciarse sobre la existencia de un caso de violencia de gÃ©nero, ocurrido fuera de la universidad, que involucraba a dos estudiantes de la WAM. En respuesta, el 9 de marzo, parte del alumnado de la Unidad Coagimalpa, decidiÃ³ establecer un paro y exigir la revisiÃ³n del caso. Entre el 10 y el 11 de marzo, las cuatro unidades tuvieron el mismo efecto. El 9 de marzo, con el apoyo de la Oficina del Abogado General, se estableciÃ³ un mecanismo institucional para que el nuevo Consejo Divisional de Ciencias Sociales y Humanidades de la Unidad Coagimalpa revisara los casos. El 15 de marzo, se determinÃ³ la expulsiÃ³n definitiva del alumno agresor. En conocimiento a la legitimidad del movimiento, el Rector General, y LA y los rectores de las cinco unidades, emitieron una carta de no represalias para quienes participan en los movimientos. AdemÃ¡s, la universidad entregÃ³ propuestas concretas a los diversos plegos petitorios por parte del alumnado en paro. El 29 de marzo, el Rector General, Rectora y Rectoras de las Unidades, secretarias y secretarios, asÃ­ como directoras y directores de la DivisiÃ³n de la Universidad AutÃ³noma Metropolitana, acudieron a recibirlas contra propuestas del alumnado que mantiene el paro en la universidad. Este acto responde al compromiso de atender las problemÃ¡ticas asociadas a la violencia por razones de gÃ©nero en nuestra instituciÃ³n. Â¿QuÃ© sigue? Los documentos recibidos son analizados minuciosamente para presentar propuestas de acuerdos a mÃ¡s de a dar el 31 de marzo, del presente aÃ±o, y poder avanzar en la instalaciÃ³n de mesas de diÃ¡logo con la participaciÃ³n de toda la comunidad universitaria. AdemÃ¡s, la ComisiÃ³n del Colegio AcadÃ©mico, trabaja en la integraciÃ³n del protocolo Ãºnico de atenciÃ³n, donde se ha integrado a representantes de las colectivas de cada unidad. Hacemos un llamado al diÃ¡logo Respetuoso y Plural, para encontrar soluciones concretas en bienestar de la comunidad universitaria.",es,NEG
2023-09-22,lo_malo_de_uam,6703,https://www.tiktok.com/@ese_mi_emma__/video/7281764079872642346,No juzgues antes de tiempo  #comedia #fyp #humor,,True," Â¿QuiÃ©n es el que anda ahÃ­? Escriqui, Escriqui. Â¡Guau! Mira pa, ven, ven, ven, ven. Yo quiero ser igual de feliz que Ã©l. Â¿QuÃ© dices Pepe? Â¿Eso no es felicidad? Eso es tristeza. Y como dijo tu abuelo, Ã¡rbol que nace torcido, se lo lleva a la corriente. Â¿O como era? Bueno, tÃº me vas a entender, Ã©l tiene la mente, cuerpo y alma desconectados, la moral destrozada. Es un desquicelado, sin escrÃºpulos, que lo Ãºnico que sabe es hacerle sacar humo por el hocico. Â¡NiegÃ¡melÃ³! Â¡QuÃ© mala vibra atrÃ¡s, maestro! Pero me permitirÃ© responderte puntualmente cada uno de tus cuestionamientos, concurrencia y argumentos, sÃ­. Principalmente ese aÃ±o logrÃ© recibir mi doctorado en bibliotecologÃ­a y estudios de la informaciÃ³n, desarrollo y gestiÃ³n interculturales, estudio de latinoamericano, filosofÃ­a, geografÃ­a e historia, letras clÃ¡sicas, letras hispÃ¡nicas, letras modernas, literatura dramÃ¡tica, teatro y pedagogÃ­a. Y este aÃ±o logrÃ© recibir mi premio Nobel de la Paz y de la literatura. Si quieres saber un poco mÃ¡s, tambiÃ©n soy miembro de la Orquesta FilarmÃ³nica de la Ciudad de MÃ©xico y como puedes ver soy amante de la naturaleza. Y este aÃ±o logrÃ© reforzar mÃ¡s de 200 sectares al sureste de MÃ©xico, llevando a familias descaso, recursos, alimentaciÃ³n, salud y una vivienda digna. Y si quieres saber un poco mÃ¡s, tambiÃ©n tengo mi asociaciÃ³n en la cual damos vida, vivienda y salud a animalitos en situaciÃ³n de calle. Â¿Y tÃº? Â¿A quÃ© te dedicas a un par de amargados? Pepe, vÃ¡monos. Si se la creyÃ³ el don, se supiera que soy el que vende las artesanÃ­as, lleves el bonito recuerdo, el bonito detalle, 100 pesos de cuesta, 100 pesos de vales.",es,NEG
2024-06-21,lo_malo_de_uam,4216,https://www.tiktok.com/@mr.armandosaucedo_/video/7383070881012124933,Ritual del mamasÃ©! Nunca tristes siempre HOT ALV ğŸ˜˜ğŸ¤ŒğŸ£ğŸ£ğŸ£ğŸ£ğŸ£ ,"#consejos,#latam,#mexico,#hombres,#mujeres,#amorpropio,#sarcasmo,#comedia,#humor,#videoconfineseducativos",True, tardes bola de cabrones ya se la saben es viernes pÃ¡rate gÃ¼ey pÃ¡rate madre listos se preparan y tabolitos tableray pura vida por ole mamase nunca triste siempre hot estamos fresh estamos mamazzones mandan el beso al cielo si no nojala cabrones y se salen a ganar hijos de la chingada pechito pa fuera cabeza para arriba frescos mamones coquetos desgraciados insolentes no quiero entender chiqui ando llorando te voy a dar la chingada ches vÃ­ctima pura vida,es,NEG
2023-06-03,lo_malo_de_uam,9348,https://www.tiktok.com/@ccgabwjfacg/video/7240578350706593030,,,True," porque hay tantos duendes en algones en la sala ay casi me pega un dragon que pasa volando que? que dijiste? Â¡y cabrÃ³n! Â¿que haces? Â¿que buscas? no, seÃ±ora, no por favor, seÃ±ora, no me haga daÃ±o no me haga daÃ±o, por favor, no, no me llevo a la policia Â¿que? Â¿que? Â¿que? Â¿que pasÃ³, mi hijo? tranquilo puta madre, voy a aprender el ventilador puta madre, voy a aprender el ventilador puta madre, voy a aprender el ventilador no, no, no, no, ya, wey, ya esto es como un pinche bucle infinito, wey ya, ya, ya, vi, vi, vi esto, wey se estÃ¡ repitiendo las cosas, las cosas, las cosas no, no, no, ya, wey, ya, wey no, no, no, no, ya, wey, ya, wey, ya, wey, ya, wey, ya, que chingos estÃ¡n haciendo, por que la puerta es cerrada ah, si, si estaba cerrada la puerta es porque no estaba abrida Â¿verdad? Â¿verdad? Â¿que? no, pues nada, aquÃ­, conviviendo sanamente con mi juate estamos aprendiendo a quitar la tocarra Â¡y le jatos papÃ¡s que no vas a regresar! no estÃ¡ bien, mi hijo, estÃ¡ bien creen que soy tonta, que nacÃ­ ayer, que me chupo el dedo yo sÃ© lo que andas, andas en manos pasos, cabrÃ³n pero vas a ver, vas a ver Â¡vamos!",es,NEG
2023-11-17,lo_malo_de_uam,677800,https://www.tiktok.com/@hanki_aventuras/video/7302659122737024262,Esa noo ğŸ˜­ğŸ‘Œ ,"#viral,#parati,#humor,#parodia,#fyp,#tanriquisimas",True, y tan riquÃ­sima que son de perrito pero son infieles,es,NEG
2023-03-11,lo_malo_de_uam,386,https://www.tiktok.com/@estefanoeguibar/video/7209326252115709190, ,"#bahidora,#lifestyle,#viral,#concert,#parati",True," Todos son mentals, aunque luego igual. Cuando seas mayor te pasas factura, pero por ahora estÃ¡ de puta madre.",es,POS
2023-11-06,lo_malo_de_uam,748,https://www.tiktok.com/@kerosenemental/video/7298504944108227846,mi MarÃ­a no prende ğŸŒ± ,"#unfinitoylisto,#lavidaesunasolavivelağŸ€ğŸ’•ğŸ’¯,#queeselamorpropio,#aprendiendocosasnuevas,#tiktokargentina2023",True," Esto es bastante comÃºn que ocurra y se debe a lo siguiente. En la mayorÃ­a de los casos ocurre porque esa hierba no tuvo un correcto proceso de secado, es decir, esa hierba todavÃ­a estÃ¡ hÃºmeda. Esto usualmente ocurre cuando las personas utilizan tÃ©cnicas alternativas para acortar ese proceso de secado y no le dan a la planta las condiciones ni el tiempo necesario para que eso se haga correctamente. Otra de las razones por la cual eso ocurre no estÃ¡ tan ligado a la hierba sino mÃ¡s bien a los filtros y es cuando los hacen muy presionados. Eso hace que no pase correctamente el aire. Entonces vas a sentir como que estÃ¡s dando pitadas muy fuertes pero va a parecer que estuviera apagado. Lo que tendrÃ­as que hacer en ese caso es desarmar ese ariquitillo, armar un filtro correctamente y volver a armarlo. En el canal de YouTube en el estado de este perfil hay un vÃ­deo tutorial sobre cÃ³mo armar y sobre cÃ³mo armar un filtro correctamente.",es,NEG
2024-09-06,lo_malo_de_uam,4380,https://www.tiktok.com/@crei.mx/video/7411601985939574022,Las fases de la marihuana. ,"#adiccion,#adicciones,#recuperaciÃ³n,#psicologia,#psiquiatra,#centrosderehabilitacion,#rehabilitacion,#recuperaciÃ³n,#centrosderecuperacion,#fyp,#foryou,#fypã‚·,#longervideos",True," te voy a hablar de las fases que tiene el consumo de marihuana. La primera vez que la pruebas, Â¡pum! Â¡Guau! Todo lo que te habÃ­an dicho que era mala, que te ibas a clavar a la primera vez, que ibas a ver un elefante rosa, Â¡po! Â¡A la basura! Esto se siente muy bien. Y es recreativo totalmente, no es tan malo. Me reÃ­ mucho con mis amigos y empiezas en esa primera fase de la experimentaciÃ³n. DespuÃ©s viene el uso. Cuando la primera vez que probaste la mota dijiste, la pruebo una sola vez y no la vuelvo a probar. Como ya bajaron los miedos, dices, bueno, no estuvo tan mal, la voy a hacer, pero una vez a la semana y solo con mis amigos. Y empiezas en el uso. Se expande la conciencia, te sientes iluminado, vienen grandes ideas a tu cabeza y dices Â¡Guau! Esto deberÃ­a de hacerlo todo mundo. Ya sÃ© por quÃ© estÃ¡ prohibida, por quÃ© nos quieren controlar. De ahÃ­ sigue el abuso. Y ya empiezas a consumirla tÃº solo en tu cuarto. Ya empiezas a comprar, ya empiezas aunque no estÃ©s con los amigos a consumirla y entonces tu familia se empieza a dar cuenta o como no estÃ¡n de acuerdo, lo empiezas a hacer a escondidas. De ahÃ­ sigue el que ya empieces a necesitarla. Ya necesitas el despertador, ya necesitas el hambreador, ya necesitas el dispansurrador, el dormilÃ³n y se te hace que todo va bien en tu vida. Que sigues teniendo maravillosas ideas y aparte te ayuda a anestesiar todo eso que no te gusta de la vida. Cuando estÃ¡s solo te acompaÃ±a, cuando estÃ¡s triste te loquita, cuando estÃ¡s aburrido te divierte. Es muy, muy atractivo todo esto que da la marihuana. Pero fÃ­jate todas esas grandes ideas solo son una fantasÃ­a porque no las llevas a cabo. Todas esas ideas nada mÃ¡s suenan bien en tu cabeza. Lo que estÃ¡ sucediendo realmente es que te estÃ¡s alejando de tu familia, te estÃ¡s alejando de tus sueÃ±os, te estÃ¡s alejando de las grandes proyectos reales que tenÃ­as. Aunque no te hayas dado cuenta, la gente alrededor tuyo se empieza a dar cuenta y dice, oye, creo que estÃ¡s teniendo un problema, oye, empiezan a cambiar tus hÃ¡bitos, empiezan a cambiar tu manera de vestir, tu manera de hablar, tus amigos, empiezan a cambiar todo a tu alrededor y la gente que te ama se empieza a dar cuenta, empiezas a tener conflictos con ellos y por eso mejor te alejas, te empiezas a aislar y te empiezas a acercar cada vez mÃ¡s a una adicciÃ³n terrible que se llama marihuana. La gente cree que no tiene ninguna adicciÃ³n, ya lo he dicho en otros videos, claro que sÃ­, sÃ­ndrome amotivacional, te va quitando la motivaciÃ³n, pÃ©rdida de memoria, corto plazo y obviamente riesgos de brotes de esquizofrenia, riesgos de brotes psicÃ³ticos, aislamientos, son un chingo de cosas, no caigas en esa trampa, si no sabes cÃ³mo hacerlo, tienes alguien que estÃ¡ empezando en esto, si tÃº crees que a ti no te va a pasar, Ã©chate una platicada conmigo, escrÃ­beme aquÃ­ abajo, si tÃº tienes una opiniÃ³n diferente a esto, te reto, a que echemos una pinche platicada y veamos quÃ© cosas realmente he experimentado y he sabido yo a lo largo de 25 aÃ±os de ver personas con problemas de adicciones y quÃ© cosas tÃº me puedes decir que te traen de beneficio esta madre, pero yo creo que te voy a ganar en el debate, escrÃ­benos aquÃ­ abajo si necesitas ayuda, somos un centro gratuito de valoraciÃ³n, orientaciÃ³n y acompaÃ±amiento, no somos clÃ­nica, no damos terapia, solo valoramos tu caso y te orientamos hacia dÃ³nde ir y te acompaÃ±amos en el proceso, si estÃ¡ muy saturada esta red vete a instagram, te quiero mucho, regÃ¡lanos un like, comparte este vÃ­deo para que llegue a alguien que lo necesite.",es,NEU
2021-06-12,lo_malo_de_uam,2700000,https://www.tiktok.com/@dhasiawezka/video/6972957250457439494,ğŸ¥²ğŸ¥²ğŸ¥²ğŸ¥²,,True, 2. Gong ë²ˆì§¸,tr,
2023-12-28,lo_malo_de_uam,522500,https://www.tiktok.com/@_.montero.__/video/7317669625813175558,Deja los malos vicios ,"#pensadorespositivos,#frasesmotivadoras,#viral,#mejorando,#glowup,#consejos,#tips,#fyp,#parati,#reto,#verdades,#paracaballeros,#desarrollopersonal,#caballero",True, pasa cuando dejas la manuela de uno a seis dÃ­as es la etapa mÃ¡s dura tu cerebro empieza a bajarlos niveles de dopamina incrementa un poco tu confianza de siete a treinta dÃ­as tu testosterona aumenta mÃ¡s autoestima energÃ­a positiva mÃºsculos empiezan a crecer de 31 a 50 dÃ­as incrementa tu concentraciÃ³n mejora tu piel y cabello empiezas a desarrollar tu positividad en situaciones sociales mÃ¡s de 51 dÃ­as te felicito caballero incrementa tu disciplina enfocado en tus objetivos mÃ¡s confiado alta calidad de vida,es,POS
2023-06-27,lo_malo_de_uam,304600,https://www.tiktok.com/@irammendiola/video/7249576495771897094,Pobre Yisus ya lo traen estresado ,"#comedia,#titanic,#submarino",True," Y honestamente ya no sÃ© quÃ© hacer, Doc. Estoy preocupado. El cielo se estÃ¡ sobrepoblando por puras pendejadas. La semana pasada, que un submarino que bajÃ³ a ver a unos huelles que llegaron aquÃ­ hace como mil novecientos y algo, dices, Â¿cielos hiciste seres pensantes? Â¿Les fallÃ© como padre? Es que siento que estÃ¡n pendejos, Doc. Ayer, un huey, no, yo pasaba la pera a doscientos ochenta. SabrÃ¡ yo de quÃ© habla, pero... No sÃ©, a veces digo, realmente quiero ser Dios, puedo con esto, Â¿me entiende? Â¿CÃ³mo me siento con eso? De la verga, Doc.",es,NEG
2024-01-12,lo_malo_de_uam,85800,https://www.tiktok.com/@manlab.forever/video/7323367486122937605,POR QUE TE DEJA DE CONTESTAR? ,,True," formas en que le das huevas a las morras y no te das cuenta. SegÃºn tÃº te las has cotorriendo chido con una morra y de repente te deja de contestar. O sus respuestas ya son recortantes Â¿no? O si, sÃ­, ah bueno, ok. Bueno, normalmente pasa porque eres un pinche desuevado. Pee, o sea, yo sÃ© que te la das de tigre, te la das de cabrÃ³n. Pero la pura pinche verdad es que seguido cuando le mandas un mensaje a una morra estÃ¡s preocupado de si ese es el mensaje que la va a espantar. Todo pinche temeroso, despuÃ©s de que le mandas el mensaje dices, ah, y si lo toma mal y si lo molesta y si se enoja, ay, a lo mejor lo veo como que muy intenso. Y en ching le mandas otro hasta dos mÃ¡s cabrÃ³n para que taparle ahÃ­ que no se vea tan fuerte el mensaje. Y entonces comienzas a hacer una secuencia de que da bien cabrÃ³n. Ya siempre quieres estar quedando bien. Que ahÃ­ es donde comienza la disparidad. Te empiezas a mandar ching de mensajes y entre mÃ¡s mandas tÃº menos manda ella chingada madre. Pero fÃ­jate bien, gÃ¼ey. Ahorita te va a dar una enseÃ±anza totalmente contraria a lo que siempre has escuchado de los maestros, gÃ¼ey. MÃ¡ndale el pinche mensaje, gÃ¼ey, con huevos cabrÃ³n. QuerÃ­as decir algo gracioso, querÃ­as decir algo que te mandas el cabrÃ³n y despuÃ©s de que se lo mandas, dÃ©jalo asÃ­, gÃ¼ey. Bueno, las moras son re inseguras, gÃ¼ey. Entonces si no lo entendiÃ³ muy bien, como que a cabrÃ³n se va a sacar de peor entendido mal fui yo a cabrÃ³n y si tÃº dejas ahÃ­ del tratar de estarla arreglando y le das el tiempo a que te responda te va a responder. Y aunque la mayorÃ­a dice que si ella se tarda un dÃ­a de contestarte tÃº te tardes otra, tarda dos horas tÃº te tardes cuatro, gÃ¼ey. Y, gÃ¼ey, yo cuando me contestan, pum, en ese momento respondo. Mira, gÃ¼ey, no nos hagamos pendejos, hay una morra que te encanta, gÃ¼ey. No eres al Ãºnico al que le encanta, gÃ¼ey. Como tambiÃ©n estarÃ­a mi pendejo que solo hubiera una morra que te gustara. Entonces si quieres a la morra mÃ¡s chida, cabrÃ³n, pues, gÃ¼ey, la existencia es competencia. Yo asÃ­, gÃ¼ey, tranquilo he echado, puse mis pinches caÃ±as de pescar ahÃ­, gÃ¼ey. Las dejÃ© suelta, saber cuando pica, pero cuando pica el pinche, pues, como acaban en ese momento le doy el jalÃ³n. Tienes que desarrollar la capacidad de que cuando la pinche presa, some la cabeza, pum, tÃº la puedas capturar. O sea, que cuando te conteste, tÃº le contestas algo todavÃ­a, pum, mÃ¡s chingÃ³n, mÃ¡s coquetas, mÃ¡s divertido, mÃ¡s atrevido, gÃ¼ey, que la empieces a cautivar en la conversaciÃ³n contigo. AhÃ­ es donde las morras dicen, ay, cabrÃ³n, Â¿tienes este bato? AhÃ­ es cuando les generas curiosidad, ahÃ­ es cuando les generas deseo. GÃ¼ey, en sus fantasÃ­as veo las pinches pelÃ­culas, en las comedias romÃ¡nticas, gÃ¼ey. No se imagina en el cabrÃ³n patÃ¡n que ahÃ­ cada dos pinches horas le contestaba cada tres, cuatro dÃ­as, gÃ¼ey, no, gÃ¼ey. Normalmente se imagina en el bato que cuando les contesta, les contesta de una manera creativa, seductora, galÃ¡n. O sea, en su imaginaciÃ³n y en su deseo, lo que mÃ¡s le importa es un cabrÃ³n que puede ser divertido, que puede ser brillante, que puede ser cautivador, que puede ser seductor. SerÃ¡ asÃ­, gÃ¼ey, no se te puede enseÃ±ar, nomÃ¡s lo puedes hacer con la prÃ¡ctica. Pero esto es lo que estÃ¡ sÃºper chingÃ³n de esto. Cuando tÃº practicas, te pones una situaciÃ³n que suele ver normal para ti, voy a estar respondiendo, voy a tratÃ¡rselo de manera creativa. Y con huevos, o sea, no me va a importar mandar el pinche mensaje si pega chido y si no, no. Ah, pues cuando tu cabeza no estÃ¡ toda estresada ni preocupada por chingado, que ya vas a pasar si no respondo lo correcto en ese momento es cuando la creatividad mÃ¡s nace. Cuando tÃº estÃ¡s despreocupado, cuando tÃº estÃ¡s tranquilo, cabrÃ³n, te va a salir ahÃ­ lo chingÃ³n, lo creativo, lo galÃ¡n, porque en realidad tÃº eres una persona creativa, es una persona divertida, por lo menos con la gente que mÃ¡s te llevas. Y si no, gÃ¼ey, por lo menos en tu cabeza tÃº sabes contestar cosas creativas, gÃ¼ey. Lo que pasa es que a ti te intimidas, a veces el exterior, porque estÃ¡ diciendo que tal que no les caigo bien, que tal que no les cae en pinche gracia, pero lo chingÃ³n de todo esto es que normalmente para que caiga en gracia, contener huevos es mÃ¡s que suficiente. Como la mayorÃ­a de la gente tiene miedo a decir las cosas, pues cuando tÃº las dices con pinches huevos, cabrÃ³n, les causa cierto nivel de intimidamiento, que les termina causando gracia de hoy que divertido, porque te quieren caer bien, quieren agradar, yo quiero ser como ese cabrÃ³n, porque ese es el sueÃ±o guajiro de todo el mundo, yo quiero ser el tipo de persona que no me importa el que dirÃ¡n.",es,NEG
2023-08-19,lo_malo_de_uam,671400,https://www.tiktok.com/@esen_alva/video/7269239134084975878,Todos conocemos a uno asi jajajajaja ,"#comedia,#humor,#risa,#anecdotas",True," Â¿A que onda weyes? Â¿Ya les pegÃ³? Ahora le he quechido Porque ya llegÃ³ el diablo Mira wey Soy una cabeza que flota Ay ay ay No manches te echaste uno completo No, no wey, no nada Si nada, no te preocupes Â¿Y quiÃ©n fue el manchado que dejÃ³? Â¿QuÃ©? Nada, no te preocupes wey Igual de hoy no pasas Nada mÃ¡s si aguas con quedarse dormido No se porque por ahÃ­ dicen que te quedas en el viaje Oye wey, has escuchado hablar de los hombres Sombra No Ni voltÃ©s Porque creo que hay uno atrÃ¡s de ti wey No manches, no manches No te muevas, no te muevas porque se enojan A ver, Â¿quÃ© hacen que ahorita les digo que soy un nagual? Â¿Eh? Y me convierto asÃ­ en guajolote No se espanta, no se espanta Oye wey, soy yo, todos te estÃ¡n viendo Â¿Eh? Â¿Eh? Todos te estamos viendo Â¿Hace cuÃ¡ndo te lo echaste? Â¿Dos horas? Â¡Ah wey! Apenas viene lo mÃ¡s fuerte AdemÃ¡s No han pasado dos horas wey Solo han pasado diez minutos Mira wey, soy un chanque Uno, dos, tres, cuatro No manchen Oigan, Â¿y Rodrigo? Â¿DÃ³nde estÃ¡ Rodrigo wey? No es que dijo que iba a lo... Â¡Ah! Se espanta, el Rodrigo ande bien Â¡No, Rodrigo ande bien! Oigan, Â¿les molesta si pongo una rola? Â¿No? Â¿QuÃ© wey? EstÃ¡ bien chida, es que es... Como mÃºsica clÃ¡sica Â¿No les parece? Es que a todos ya se les bajÃ³ menos a ti wey Ya te quedaste, ya te quedaste, ya te quedaste Â¿Y cÃ³mo estÃ¡ tu mamÃ¡? Bien, ahora le... Â¿Se quedÃ³ sola en tu casa, verdad? No, no, por nada wey QuÃ© chido, quÃ© chido que le haces ahÃ­ sola Â¿Chances, le pasa algo? No, no creo, no creo Â¡Ah, o sea maÃ±ana trabajas! Trabajabas mi buena, a ver si se te baja wey No, no creo... ImagÃ­nate que te haces una antidoping maÃ±ana Y te corren wey, no, no, no, y todo Â¡No, pues, esperamos que no!",es,NEG
2023-07-08,lo_malo_de_uam,126300,https://www.tiktok.com/@joscanter/video/7253502220107320582,Ambiente laboral le llaman ,"#lacotorrisa,#anecdota,#ricardoperez,#slobotzky,#trabajo,#oficina,#compaÃ±ero,#ambientelaboral,#jefe,#empleado,#respeto,#sueldo,#tolerancia,#control,#sabado,#fypã‚·",True," Es una persona, es un tipazo pero es el huey mÃ¡s imbÃ©cil, incompetente con el que me ha tocado convivir huey. De verdad, de verdad nunca en mi vida habÃ­a hecho yo mÃ¡s corajes con alguien como con ese cabrÃ³n.",es,NEG
2023-11-03,lo_malo_de_uam,5437,https://www.tiktok.com/@_mentimentas/video/7297371305639267589,Cuando cumples 30 ,#malcolm,True," Â¿No estÃ¡ mal? La piel aÃºn tiene flexibilidad. Por amor de Dios. Â¿QuÃ© me has hecho, Hal? Â¿Y quÃ© hablas? Todas las sentadillas, todos los kilÃ³metros que corrican de maÃ±ana y asÃ­ es como me pagas pareciendo un anciano. Â¿Crees que me veo mal? Por favor, batas de gallo, cuello de tortuga. Â¿De acuerdo? Han pasado un par de aÃ±os. Â¿Todo por servicio y se gasta? Â¿Todo se gasta? Parece un tÃ­tere de ti mismo hecho de que es o cutash. Oye, Â¿de quÃ© estÃ¡s hablando? Mira estos melonsitos. TodavÃ­a pantalla. SÃ­, claro. Son magnÃ­ficos. Pero no podrÃ¡s sacarles provecho por siempre.",es,NEG
2024-10-02,lo_malo_de_uam,5792,https://www.tiktok.com/@ivanbarca_sigma/video/7421410154257681670,Tratalas mal bro o aplica juego!  Accede a cursos: https://linktr.ee/ivan.barca ,"#crecimientopersonal,#desarrollopersonal,#alfa,#elhermanomayor,#ivanbarca,#grow",True," Trata las mal, mi bro. O mÃ¡s especÃ­ficamente, nunca las trates bien. Ojo, no te estoy diciendo que las golpes, nunca golpes de una mujer, ni las insultes, ni las grites, nada de esas vergas. Aplica juego. El juego es una forma estratÃ©gica de tratarlas mal. En especÃ­fico, no las trates bien jamÃ¡s, mi bro. Nunca les des flores, nunca les digas que estÃ¡n bonitas, nunca les digan que seas tu novia, nada de esas vergas funciona. Nada de esas vergas la excita. Mira, las mujeres tienen un ego completamente inflado hoy en dÃ­a, porque todo el mundo las trata bien. Todos los simps las tratan bien. Y desafortunadamente, los simps son, no sÃ© si te has dado cuenta, pero 80 o 90% de la poblaciÃ³n masculina. Con todos esos halagos y lluvias de regalos y likes, mi bro, tÃº crees que tÃº, diciÃ©ndole, ay, quÃ© bonita que estÃ¡s. Ay, ojalÃ¡ quieras salir conmigo, o tratÃ¡ndole bien, o llamÃ¡ndole todos los dÃ­as, o escribiendo todos los dÃ­as, o estÃ¡s centrado en quÃ© es lo que le hace feliz, o por quÃ© se va a enojar conmigo, o todas esas huevadas te va a ayudar en algo. No, mi bro. Por eso en este mismo vÃ­deo te voy a enseÃ±ar a tratarlas mal de forma correcta. Pero antes de eso te recuerdo que sabes el hermano mayor que siempre necesitaste y que nunca tuviste para resolver todos tus problemas de la vida y del amor, para ayudarte a garchar tenenas ricas, gastando lo menos posible. Ya sabes cuÃ¡l es el primer paso, mi bro, hacer el test de tu valor en el mercado sexual. Son una serie de preguntas que te ayudarÃ¡n a saber cÃ³mo te perciben las mujeres, como un burrito de carga nada mÃ¡s, o como un caballo salvaje. Muchos hombres piensan que son alfa y no lo son. SÃ¡cate la duda, es gratis. Ãndate al link que este en mi perfil y deja tu email o directamente en ibambarca.com. Tratarlas mal es ser narcisista, desconciderado, poco confiable, mi bro. Cuando dices que vas a estar en un sitio, no vas a estar ahÃ­. Cuando dices que le vas a escribir un dÃ­a, no le escribes ese dÃ­a. Cuando haces una promesa rara vez la cumples. Cuando ella quiere hablar de sÃ­ misma, actÃºas con indiferencia o mejor aÃºn, le tomas el pelo. Cuando ella te cuenta sus problemitas, te burlas de ella, mi bro. Ay, es que eso no es empÃ¡tico, es que se va a enojar, que se enoje, no tienes mÃ¡s. Y no sabes que le enojo es una emociÃ³n fuerte, mi bro. Y no sabes que las mujeres, lo Ãºnico que les hace sentir algo en este mundo de tanta dopamina y serotonina, de tanta estimulaciÃ³n, lo Ãºnico que les hace sentir algo a ellas es, son esas emociones fuertes. Puedes hacerles sentir euforia a una mujer, claro que sÃ­, pero hacerles sentir emociones negativas tratando la mal es mucho mÃ¡s fÃ¡cil. Siendo un enigma rodeado en una niebla, que nunca sepan dÃ³nde estÃ¡s, que nunca sepan lo que vas a hacer, se siempre impredecible. Del tÃ­pico que un dÃ­a hace las besas o se las garcha y al otra semana, sabes que, ya estÃ¡ con otra por ahÃ­ andando. Cuando te hagan preguntas, ya sabes, nunca las respondas. Nunca respondas directamente a las preguntas de una mujer, eso es pasar los shit tests y tambiÃ©n es parte de tratarlas mal. Eso las excita, eso harÃ¡ que se sientan nerviosas ante tu presencia y no seguras. Si una mujer se siente completamente segura contigo, ya estÃ¡s en la friend zone, mi bro. Si quieres aprender mÃ¡s de estos temas, mÃ¡s densos que aquÃ­ no te puedo enseÃ±ar por quÃ© me borran el canal, no olvides suscribirte a mis mails diarios y gratuitos directamente en ibambarca.com. Comparte y suscrÃ­bete para mÃ¡s. Tic-toc o ya sea en Instagram donde puedes adquirir los recursos gratuitos y todos mis cursos.",es,NEG
2021-12-27,lo_malo_de_uam,10700,https://www.tiktok.com/@mejores_momentos6/video/7046578313955003654,Responder a ,"@zuly_enciso,#w2m,#w2mcrew,#luisitorey,#fedelobo,#fedewolf,#fedelobomemes,#parati,#viral,#meme,#lomejor",True," No me ves nada mÃ¡s de videos. Â¿QuÃ© me entendiste, no, pendejo? Pues sÃ­, pero me vas a decir vendido, wey. Â¡Ah, no, wey! O sea, estÃ¡s vendiendo tu trabajo, nada mÃ¡s. Â¿SÃ­? Â¿Entiendes o no, pendeja? Â¿QuÃ© me olas asÃ­, wey? Pues es que me parte la madre, que no entiendas, cabrÃ³n, estÃ¡s pendejo, estÃ¡s vendiendo un puto servicio, los pinches fans van a entender eso, chingada madre. Â¿QuÃ© tal mÃ¡s, wey? Abrete la verga allÃ¡ de aquÃ­, wey, yo estoy trabajando. Pero es que yo ves lo pedÃ­te, consejo. Â¡T'aberga, ya, wey! Â¿No entiendes, puta madre? Si quieres te presto ya todo el puto barro para que te vayas al chingar a tu puta madre. Pues sÃ­, me estarÃ­a bien, wey. Entonces, ese es tu picha de zapato, no? No, no, de la verga. Ya no hay zapato. No, ese era de la verga, wey. Igual dÃ¡melo para el kilÃ³metro, wey. Ya vete a la verga, tranquilo. Entonces, Â¿sÃ­, me vas a prestar al dinero? Te voy a prestar esta, haz lo que quieras con esta. Â¿Va? Â¿Y tÃº piches, Sergio, y no? Â¿Vete a la verga, wey? Â¿No te gusta grabar todo? GrÃ¡vate las pinches nalgas, pendejo. No, mami, si se wey. Â¡QuÃ© pedo, wey! Â¡Quitate de aquÃ­, pendeja! Tranquilo, wey, tienes pedazos. Pues sÃ­, pendejo, wey. Â¿DÃ³nde pinches duermo, wey? Pinches mamadas, wey. Mi pinche vieja ya me dejÃ³. Pinche cochÃ³n, ahÃ­ estÃ¡, puta madre. Â¡Ya vete a la verga! EstÃ¡ bien, wey. Pues que tengas bonita noche, wey. Ya me voy a guardar. Â¡Va, bebÃ© wey!",es,NEG
2023-05-06,lo_malo_de_uam,336000,https://www.tiktok.com/@matzlove1/video/7230188821780892933,,,True," TÃº no vas, no me vas a violar o si? Por supuesto que no te voy a violar. Primero harÃ© que te enamores de mÃ­. Y luego, a ver quÃ© pasa... Oh no, ya estÃ¡ funcionando. Griffin tienes una bifita.",es,NEU
2024-11-16,lo_malo_de_uam,92000,https://www.tiktok.com/@semesubioeldead/video/7437995182664076599,No liguen con las meseras del Hooters. ğŸ˜’ Los Resolvedores Ep 42 ,"#comedia,#Podcast,#humor,#LosResolvedores,#SMSEM,#SeMeSubioElMuerto,#IvanMendoza,#AlexQuiroz,#Solin",True," No sabÃ­a que pasaba este problema, pero algunas mujeres que han trabajado en el servicio en el que me ponen cuando los batos quieren empezar a ligarte y se ponen en un plan muy intenso. O sea, yo he visto batos que son medio pasos de ver algunas meseras. O sea, y que dicen como de Â¿y quÃ© con la cuenta tu nÃºmero no? No sÃ©. SÃ­. A ver. CÃ³mo los que se quieren ligar a las del cuters, Â¿no? Por ejemplo, sÃ­, no, que es triste la gente que te quiere. Lo te abrimos al cuter del coche y le digo, wey, o sea, los batos que vienen a ligarse a las borras. O sea, Â¿quÃ© piensan? Que las borras van a pasar y van a ver un wey asÃ­. PÃ¡same tu nÃºmero, mami. Si exita poquito. En quÃ© momento te hace un bato atractivo. Â¡Umm, mamÃ¡! SÃ­. Como era, Â¿a quÃ© te comiÃ³ la alita? SÃ­. Como era alita, sÃ­ es lo menos atractivo del mundo. Todo batido, wey. PÃ¡same el papel. Papel. Bueno, Â¿a quÃ© te comiÃ³ la alita? Â¿QuÃ©? Porque comÃ­ la alita, es un putero, wey. No mÃ¡s para este chiste. Obviamente, sÃ© cÃ³mo se come la salita. Te quiero mucho, wey. Es este muy bello, wey. Me encantÃ³. Me encantÃ³. Me encantÃ³ todo la observaciÃ³n, wey. EstÃ¡ muy bella, wey. Â¿QuÃ©? Â¿O sea, Â¿serÃ¡ de eso quÃ©? EstÃ¡ bien guapa, wey. Ah, sÃ­. Â¿QuÃ©? SÃ­. Â¿QuÃ©? Â¿QuÃ©? Â¿QuÃ©? Â¿QuÃ©? Â¿QuÃ©? EstÃ¡ bien guapa, wey. Ah, sÃ­. Â¿Unos boneles? Â¿Unos boneles? Boneles. Â¿Y tÃº no te agraman, wey? Â¿QuÃ©? Â¿QuÃ©? Â¿QuÃ©? Â¿QuÃ©? Â¿QuÃ© te dice de Ã©l? Â¿QuÃ©? Â¿QuÃ© van a alejar en ese pan, wey? A puta, apuntame tu nÃºmero aquÃ­. Â¿QuÃ©? No. Â¿QuÃ©? Â¿QuÃ©? Â¿QuÃ©? Â¿QuÃ©? Â¿QuÃ©? Â¿QuÃ©? Me ayudo a decir no. Vienes, las boneles lo queï¿½. Vas. Â¿QuÃ© le eating, tu compute world? Mirador. Â¿QuÃ© you do? C telÃ©fono. Â¿QuÃ© asshole que te gana? Â¿QuÃ© dysploma",es,NEG
2024-12-15,lo_malo_de_uam,558800,https://www.tiktok.com/@pologuerrero.med/video/7448823952459320582,Tu solo ponte sueter y la chancla no aparecera ğŸ˜‚âœŒğŸ» mÃ¡s en IG ,"#polomed,#medicina,#aprendeentiktok,#sabiasque,#cienciaentiktok",True," Estas son las mÃ¡s grandes mentiras que te ha dicho tu madre durante toda tu vida. Comero tomar cosas frÃ­as no te provocarÃ¡s no resfriado. El alcohol y el agua oxigenada no se utilizan las heridas. Por mÃ¡s suÃ©teres, chamarras, botas, bufandas que te pongas, igual te vas a piegar a resfriar. El ajo no desinflama tus bronqueos. El tÃ© de miel con limÃ³n no cura la gripa, si disminuye a la tos, pero igual puedes seguir contagiando. Caminar descalzo no da gripa. Bojarte en la lluvia no te va a enfermar. Y si te puedes saltar un dÃ­a para baÃ±arte si es que hace demasiado frÃ­o. El hacer un rostro cuando hace un aire muy helado no va a hacer que tu rostro se trabe. El hacer gargaras con vinagre o aceite no te va a quitar la infecciÃ³n de garganta. Cocinar en microondas no da cÃ¡ncer. Donarte los dedos cuando hace frÃ­o no va a hacer que se queden chuecos. Ponerte cebolla en los pies o tomate en el pecho no alivia los resfriados. Y las fumadas de mentol no destapan tu nariz. Y finalmente sudar la enfermedad es un mito. CrÃ©eme las enfermedades no salen por el sudor. Pero la peor mentira de todas es que fuiste algo planeado. Exceptuando algunos casos. Pero en todo caso yo quiero mucho a mi mamÃ¡. Pero al final del dÃ­a si tu mamÃ¡ te dice que te pongo a hacer suÃ©ter te lo pones. SÃ³lo tÃ³malo en cuenta.",es,NEG
2023-05-16,lo_malo_de_uam,1200000,https://www.tiktok.com/@kristennmedinaa/video/7233872703059447082,Una vez tuvimos unas problemitas con el celular en el baÃ±o ğŸ™ƒğŸ™ƒğŸ™ƒ entonces desde ahÃ­ no telÃ©fonos en el baÃ±o.  . . ,"#comedy,#comedia,#reels,#relationship,#novios,#parejas,#couples,#fyp,#parati",True," Que bueno que saliste, es que... Â¿DÃ³nde estabas? Cuando encontraba la sala, no me acordaba cual era, era la ocho. Â¿Dijiste que iba al baÃ±o? Â¿Y te llevaste a celular? Y durante mÃ¡s de 15 minutos en el baÃ±o, Â¿y quÃ© me estabas haciendo? Es que las pinches para lo que me callaron bien... Juan Carlos. Te lo juro que no me acordaba de la sala. Dame tu telÃ©fono. Â¿TÃº lo tienes? Dame tu celular. Te lo dejÃ© ahÃ­ arriba, Â¿y la vamos? Juan Carlos. Ve, te lo dejÃ© ahÃ­ arriba, acuÃ©rdate. Dame tu celular. De quienes personas, dame tu celular antes de que me mojamos. EstÃ¡ ahÃ­ arriba, Â¿eh?",es,NEU
2024-08-08,lo_malo_de_uam,109200,https://www.tiktok.com/@imagenes_3ddy/video/7400745981098118430, ,"#foryou,#parati,#viral,#trending,#comedia,#fypã‚·ã‚šviral",True," Oye, gÃ¼ey, todo el camino ha estado bien callado, todo bien? GÃ¼ey, es que yo no puedo entender cÃ³mo ustedes pueden estar aquÃ­ platicando tan tranquilos de puras tonterÃ­as y no se ponen a pensar cÃ³mo nos tiene controlados el gobierno, gÃ¼ey. Mira, por ejemplo, gÃ¼ey, fÃ­jate, no mÃ¡s esto, gÃ¼ey, fÃ­jate lo que nos esconde el gobierno. Si los nÃºmeros son infinitos, Â¿quiÃ©n nos contÃ³ para darse cuenta? Â¡Guachate ese pedo, gÃ¼ey! Ahora otra cosa para que vayas como nos tienen de daÃ±ados el cerebro, gÃ¼ey, con tanta cosa que nos dan de medicina. FÃ­jate, Â¿por quÃ© para dormirnos? Primero, nos tenemos que hacer los dormidos. Â¡Ah, fÃ­jate, gÃ¼ey! Es que hay muchas preguntas y pocas respuestas. Otra cosa que el gobierno no nos quiere decir es, Â¿quiÃ©n descubriÃ³ que la mentira era mentira? O sea, fÃ­jate, no mÃ¡s, ponte, ponte a pensar analizar bien esto, gÃ¼ey. Pero, pera, te sueno esto, guachate esto, otra, gÃ¼ey. El que inventÃ³ el reloj, Â¿cÃ³mo sabÃ­a que hora era, gÃ¼ey? Â¡Ah, guachate esto, gÃ¼ey, guachate esto! Y ahora te va una la mÃ¡s loca que tengo aquÃ­ en la mente, gÃ¼ey. Cuando Don Omar sea viejo, le van a decir, Don Omar o Don Don Omar, gÃ¼ey. Hay muchas cosas que no entiendo, gÃ¼ey.",es,NEG
2024-06-22,lo_malo_de_uam,32900,https://www.tiktok.com/@valcoinxdd/video/7383352777071742214,"okei, pero si m escupen? ğŸ—£ï¸ ","#maau,#urigodğŸ€ğŸ’,#onecoincrew,#onecoinğŸ’ğŸ€,#foryou,#puvlogodğŸ³ï¸â€ğŸŒˆğŸ’,#paratiiiiiiiiiiiiiiiiiiiiiiiiiiiiiii,#latesitooğŸ¤“ğŸ”´âš«ï¸,#fyp,#maauguerrero",True," Â¿Por quÃ© me estÃ¡n tratando tambiÃ©n? Dejen de tratarme bien, estoy acostumbrada, que me escupan y me patengo y...",es,NEG
